CREATE DATABASE  IF NOT EXISTS `tesis` /*!40100 DEFAULT CHARACTER SET latin1 */;
USE `tesis`;
-- MySQL dump 10.13  Distrib 5.6.17, for Win32 (x86)
--
-- Host: 127.0.0.1    Database: tesis
-- ------------------------------------------------------
-- Server version	5.5.28

/*!40101 SET @OLD_CHARACTER_SET_CLIENT=@@CHARACTER_SET_CLIENT */;
/*!40101 SET @OLD_CHARACTER_SET_RESULTS=@@CHARACTER_SET_RESULTS */;
/*!40101 SET @OLD_COLLATION_CONNECTION=@@COLLATION_CONNECTION */;
/*!40101 SET NAMES utf8 */;
/*!40103 SET @OLD_TIME_ZONE=@@TIME_ZONE */;
/*!40103 SET TIME_ZONE='+00:00' */;
/*!40014 SET @OLD_UNIQUE_CHECKS=@@UNIQUE_CHECKS, UNIQUE_CHECKS=0 */;
/*!40014 SET @OLD_FOREIGN_KEY_CHECKS=@@FOREIGN_KEY_CHECKS, FOREIGN_KEY_CHECKS=0 */;
/*!40101 SET @OLD_SQL_MODE=@@SQL_MODE, SQL_MODE='NO_AUTO_VALUE_ON_ZERO' */;
/*!40111 SET @OLD_SQL_NOTES=@@SQL_NOTES, SQL_NOTES=0 */;

--
-- Table structure for table `mapa`
--

DROP TABLE IF EXISTS `mapa`;
/*!40101 SET @saved_cs_client     = @@character_set_client */;
/*!40101 SET character_set_client = utf8 */;
CREATE TABLE `mapa` (
  `mapaId` int(11) NOT NULL AUTO_INCREMENT,
  `mapaUsrId` int(11) NOT NULL,
  `mapaFecha` datetime NOT NULL,
  `mapaEstado` int(11) NOT NULL,
  `mapaObserva` varchar(1500) DEFAULT NULL,
  PRIMARY KEY (`mapaId`)
) ENGINE=InnoDB AUTO_INCREMENT=33 DEFAULT CHARSET=utf8;
/*!40101 SET character_set_client = @saved_cs_client */;

--
-- Dumping data for table `mapa`
--

LOCK TABLES `mapa` WRITE;
/*!40000 ALTER TABLE `mapa` DISABLE KEYS */;
INSERT INTO `mapa` VALUES (26,1,'2015-10-22 19:55:39',1,NULL),(27,1,'2015-10-24 17:59:03',1,NULL),(32,1,'2015-10-26 15:07:34',1,'sdfgsdfgsdfg');
/*!40000 ALTER TABLE `mapa` ENABLE KEYS */;
UNLOCK TABLES;

--
-- Table structure for table `mapamarker`
--

DROP TABLE IF EXISTS `mapamarker`;
/*!40101 SET @saved_cs_client     = @@character_set_client */;
/*!40101 SET character_set_client = utf8 */;
CREATE TABLE `mapamarker` (
  `mapaMarkerId` int(11) NOT NULL AUTO_INCREMENT,
  `mapaId` int(11) NOT NULL,
  `mapaMarkerCliNomApe` varchar(250) NOT NULL,
  `mapaMarkerDirección` varchar(250) NOT NULL,
  `mapaMarkerCiudad` varchar(250) NOT NULL,
  `mapaMarkerProvincia` varchar(250) NOT NULL,
  `mapaMarkerLat` varchar(250) DEFAULT NULL,
  `mapaMarkerLong` varchar(250) DEFAULT NULL,
  `mapaMarkerVenta` decimal(10,0) DEFAULT NULL,
  `mapaMarkerEntrega` varchar(2) DEFAULT NULL,
  `mapaMarkerObserva` varchar(1500) DEFAULT NULL,
  `mapaMarkerEstado` int(11) NOT NULL,
  PRIMARY KEY (`mapaMarkerId`),
  KEY `mapaId_idx` (`mapaId`),
  CONSTRAINT `mapaId` FOREIGN KEY (`mapaId`) REFERENCES `mapa` (`mapaId`) ON DELETE CASCADE ON UPDATE CASCADE
) ENGINE=InnoDB AUTO_INCREMENT=51 DEFAULT CHARSET=utf8;
/*!40101 SET character_set_client = @saved_cs_client */;

--
-- Dumping data for table `mapamarker`
--

LOCK TABLES `mapamarker` WRITE;
/*!40000 ALTER TABLE `mapamarker` DISABLE KEYS */;
INSERT INTO `mapamarker` VALUES (43,26,'Alejandro Sosa','Pedro Isnardi 4250','Cordoba','Cordoba','-31.4132746','-64.2408889',500,'S','Probando todo',1),(44,26,'Yanina Zwenger','Colon 5200','Cordoba','Cordoba','-31.3963996','-64.2510772',1000,'S','Veremos',1),(45,26,'Manuel Sosa','La Pampa 1468 ','Cordoba','Cordoba','-31.4291706','-64.2088649',5000,'N','lalala',1),(46,26,'Manuel Andres Sosa Adorati','Venta y Media 4250','Cordoba','Cordoba','-31.4058856','-64.23868329999999',2000,'N','Con Observaciones',1),(47,26,'Bizit Global','Av. Hipolito Yrigoyen 31','Cordoba','Cordoba','-31.4206221','-64.18857299999999',100,'S','S/0',1),(48,27,'Sujeto 1 Perez','Av. Santa Ana 1500','Cordoba','Cordoba','-31.4170817','-64.2076649',2,'N','Veremos',1),(49,27,'Sujeto 2 Rodrigues','Av. Colon 2500','Cordoba','Cordoba','-31.4041612','-64.2148773',50,'S','Option',1),(50,27,'sujeto 3 Diaz','Av. Fuerza Aerea 4000','Cordoba','Cordoba','-31.4321649','-64.2402747',600,'N','lalala',1);
/*!40000 ALTER TABLE `mapamarker` ENABLE KEYS */;
UNLOCK TABLES;

--
-- Table structure for table `per_privi`
--

DROP TABLE IF EXISTS `per_privi`;
/*!40101 SET @saved_cs_client     = @@character_set_client */;
/*!40101 SET character_set_client = utf8 */;
CREATE TABLE `per_privi` (
  `perId` int(11) DEFAULT NULL,
  `priviId` int(11) DEFAULT NULL,
  KEY `perId_idx` (`perId`),
  KEY `priviId_idx` (`priviId`),
  CONSTRAINT `perId` FOREIGN KEY (`perId`) REFERENCES `personas` (`perId`) ON DELETE CASCADE ON UPDATE CASCADE,
  CONSTRAINT `priviId` FOREIGN KEY (`priviId`) REFERENCES `privilegios` (`priviId`) ON DELETE CASCADE ON UPDATE CASCADE
) ENGINE=InnoDB DEFAULT CHARSET=latin1;
/*!40101 SET character_set_client = @saved_cs_client */;

--
-- Dumping data for table `per_privi`
--

LOCK TABLES `per_privi` WRITE;
/*!40000 ALTER TABLE `per_privi` DISABLE KEYS */;
INSERT INTO `per_privi` VALUES (6,4),(6,5),(6,9),(5,1),(5,2),(5,3),(5,4),(5,8),(5,9),(9,1),(9,2),(9,3),(9,4),(9,5),(9,6),(9,7),(9,8),(9,9),(1,1),(1,2),(1,3),(1,4),(1,5),(1,6),(1,7),(1,8),(1,9),(1,10),(10,1),(10,2),(10,3),(10,4),(10,5),(10,6),(10,7),(10,8),(10,9),(10,10);
/*!40000 ALTER TABLE `per_privi` ENABLE KEYS */;
UNLOCK TABLES;

--
-- Table structure for table `personas`
--

DROP TABLE IF EXISTS `personas`;
/*!40101 SET @saved_cs_client     = @@character_set_client */;
/*!40101 SET character_set_client = utf8 */;
CREATE TABLE `personas` (
  `perId` int(11) NOT NULL AUTO_INCREMENT,
  `perUsuario` varchar(245) NOT NULL,
  `perPass` varchar(245) NOT NULL,
  `perNom` varchar(245) NOT NULL,
  `perApe` varchar(245) NOT NULL,
  `perDni` int(11) NOT NULL,
  PRIMARY KEY (`perId`),
  UNIQUE KEY `perUsuario_UNIQUE` (`perUsuario`),
  UNIQUE KEY `perDni_UNIQUE` (`perDni`)
) ENGINE=InnoDB AUTO_INCREMENT=11 DEFAULT CHARSET=latin1;
/*!40101 SET character_set_client = @saved_cs_client */;

--
-- Dumping data for table `personas`
--

LOCK TABLES `personas` WRITE;
/*!40000 ALTER TABLE `personas` DISABLE KEYS */;
INSERT INTO `personas` VALUES (1,'alec9','ama921sa','Alejandro',' Sosa',27921909),(5,'yani_zwenger','--hrz9454--','Maria Yanina','Zwenger',31506563),(6,'manuelfonsss','ama921','Manuel Antonio','Sosa',7964879),(7,'rrr','rrr','rrrr','rrrrrrrrr',55555),(9,'msosa','camifran','Manuel Andres','Sosa Adorati',25608860),(10,'bmeloni','20454593','Brenda','Meloni',20454593);
/*!40000 ALTER TABLE `personas` ENABLE KEYS */;
UNLOCK TABLES;

--
-- Table structure for table `privilegios`
--

DROP TABLE IF EXISTS `privilegios`;
/*!40101 SET @saved_cs_client     = @@character_set_client */;
/*!40101 SET character_set_client = utf8 */;
CREATE TABLE `privilegios` (
  `priviId` int(11) NOT NULL,
  `privilegio` varchar(245) NOT NULL,
  PRIMARY KEY (`priviId`),
  UNIQUE KEY `privilegio_UNIQUE` (`privilegio`)
) ENGINE=InnoDB DEFAULT CHARSET=latin1;
/*!40101 SET character_set_client = @saved_cs_client */;

--
-- Dumping data for table `privilegios`
--

LOCK TABLES `privilegios` WRITE;
/*!40000 ALTER TABLE `privilegios` DISABLE KEYS */;
INSERT INTO `privilegios` VALUES (1,'altaPersona'),(4,'altaPrivilegio'),(6,'asignaPrivilegio'),(2,'bajaPersona'),(5,'bajaPrivilegio'),(8,'exportaInfo'),(3,'modificaPersona'),(7,'SuperAdmin'),(9,'visualizaGraficos'),(10,'visualizaMapas');
/*!40000 ALTER TABLE `privilegios` ENABLE KEYS */;
UNLOCK TABLES;

--
-- Dumping routines for database 'tesis'
--
/*!40103 SET TIME_ZONE=@OLD_TIME_ZONE */;

/*!40101 SET SQL_MODE=@OLD_SQL_MODE */;
/*!40014 SET FOREIGN_KEY_CHECKS=@OLD_FOREIGN_KEY_CHECKS */;
/*!40014 SET UNIQUE_CHECKS=@OLD_UNIQUE_CHECKS */;
/*!40101 SET CHARACTER_SET_CLIENT=@OLD_CHARACTER_SET_CLIENT */;
/*!40101 SET CHARACTER_SET_RESULTS=@OLD_CHARACTER_SET_RESULTS */;
/*!40101 SET COLLATION_CONNECTION=@OLD_COLLATION_CONNECTION */;
/*!40111 SET SQL_NOTES=@OLD_SQL_NOTES */;

-- Dump completed on 2015-10-26 15:53:34
